Phase, Organizational Success Factors, Organizational Culture (Westrum), Data-Driven Decision Making, Coding Practices, Version Control, Chef Local Development, Continuous Integration, Chef Code Deployment, Application Deployment, Continuous Delivery, Virtualizaton as a Service, Full-Stack Automation, Compliance Automation, Sustaining Operations Culture
Current, 0.928571428571429, 0.472222222222222, 0.333333333333333, 0.785714285714286, 0.928571428571429, 0.472222222222222, 0.5, 0.642857142857143, 0.5, 0.3125, 0.15625, 0.25, 0.0625, 0
Target, 0.964285714285714, 0.666666666666667, 0.541666666666667, 0.821428571428571, 0.964285714285714, 0.666666666666667, 0.666666666666667, 0.785714285714286, 0.666666666666667, 0.4375, 0.3125, 0.28125, 0.25, 0.166666666666667
