Values, Application Deployment, Chef Code Deployment, Chef Local Development, Coding Practices, Compliance Automation, Continuous Delivery, Continuous Integration, Data-Driven Decision Making, Full-Stack Automation, Organizational Culture, Organizational Success Factors, Sustaining Operations Culture, Version Control, Virtualization as a Service
aCurrent, 2, 1.42857142857143, 1.88888888888889, 1.42857142857143, 2, 1, 1.41666666666667, 1.83333333333333, 1.5, 1.6, 1.83333333333333, 1.66666666666667, 0.714285714285714, 1.25
aTarget, 2.66666666666667, 2.14285714285714, 2.66666666666667, 2.28571428571429, 3.25, 4, 2.58333333333333, 2.33333333333333, 3.125, 3.2, 3.16666666666667, 3.33333333333333, 1.85714285714286, 2.25
